it	rma	history
it2	79.01352941176471	74.71352941176471
it3	83.9674193548387	74.10903225806452
it4	83.56714285714284	75.53505494505492
it5	82.58663551401871	80.27242990654207
